Year,Nutrient nitrogen N (total) - tonnes,Nutrient phosphate P2O5 (total) - tonnes,Nutrient potash K2O (total) - tonnes,Item,Yield(tonnes/ha),Fung & Bact – Benzimidazoles,"Fung & Bact – Diazines, morpholines",Fung & Bact – Dithiocarbamates,Fung & Bact – Inorganics,Fung & Bact – Other,"Fung & Bact – Triazoles, diazoles",Herbicides – Amides,Herbicides – Carbamates,Herbicides – Dinitroanilines,Herbicides – Other,Herbicides – Phenoxy hormone products,Herbicides – Triazines,Herbicides – Urea derivates,Insecticides – Botanical products and biologicals,Insecticides – Carbamates,Insecticides – Organo-phosphates,Insecticides – Other,Insecticides – Pyrethroids,Mineral Oils,Plant Growth Regulators,Rodenticides – Other,Herbicides – Bipiridils,Herbicides – Sulfonyl ureas,Rodenticides – Anti-coagulants,yield_t-1,yield_t-2,yield_t-3
1993,1612215,415000,645000,Cabbages,47.9918,142.0,188.0,2413.0,2193.0,1768.0,956.0,782.0,1056.0,423.0,4802.0,2768.0,355.0,2326.0,301.0,131.0,448.0,807.0,56.0,682.0,2293.0,48.0,161.0,23.0,1.0,5.0008,22.5102,5.9811
1993,1612215,415000,645000,Grapes,13.3336,142.0,188.0,2413.0,2193.0,1768.0,956.0,782.0,1056.0,423.0,4802.0,2768.0,355.0,2326.0,301.0,131.0,448.0,807.0,56.0,682.0,2293.0,48.0,161.0,23.0,1.0,47.9918,5.0008,22.5102
1993,1612215,415000,645000,Maize (corn),8.0227,142.0,188.0,2413.0,2193.0,1768.0,956.0,782.0,1056.0,423.0,4802.0,2768.0,355.0,2326.0,301.0,131.0,448.0,807.0,56.0,682.0,2293.0,48.0,161.0,23.0,1.0,13.3336,47.9918,5.0008
1993,1612215,415000,645000,Potatoes,39.2539,142.0,188.0,2413.0,2193.0,1768.0,956.0,782.0,1056.0,423.0,4802.0,2768.0,355.0,2326.0,301.0,131.0,448.0,807.0,56.0,682.0,2293.0,48.0,161.0,23.0,1.0,8.0227,13.3336,47.9918
1993,1612215,415000,645000,Rape or colza seed,2.8286,142.0,188.0,2413.0,2193.0,1768.0,956.0,782.0,1056.0,423.0,4802.0,2768.0,355.0,2326.0,301.0,131.0,448.0,807.0,56.0,682.0,2293.0,48.0,161.0,23.0,1.0,39.2539,8.0227,13.3336
1993,1612215,415000,645000,Rye,4.5082,142.0,188.0,2413.0,2193.0,1768.0,956.0,782.0,1056.0,423.0,4802.0,2768.0,355.0,2326.0,301.0,131.0,448.0,807.0,56.0,682.0,2293.0,48.0,161.0,23.0,1.0,2.8286,39.2539,8.0227
1993,1612215,415000,645000,Sugar beet,54.8293,142.0,188.0,2413.0,2193.0,1768.0,956.0,782.0,1056.0,423.0,4802.0,2768.0,355.0,2326.0,301.0,131.0,448.0,807.0,56.0,682.0,2293.0,48.0,161.0,23.0,1.0,4.5082,2.8286,39.2539
1993,1612215,415000,645000,Wheat,6.5841,142.0,188.0,2413.0,2193.0,1768.0,956.0,782.0,1056.0,423.0,4802.0,2768.0,355.0,2326.0,301.0,131.0,448.0,807.0,56.0,682.0,2293.0,48.0,161.0,23.0,1.0,54.8293,4.5082,2.8286
1994,1787436,451000,668000,Apples,24.1621,176.0,614.0,2427.0,2078.0,1460.0,943.0,957.0,1342.0,148.0,5284.0,3040.0,384.0,3604.0,173.0,110.0,510.0,565.0,44.0,667.0,1672.0,19.0,51.0,24.0,1.0,6.5841,54.8293,4.5082
1994,1787436,451000,668000,Barley,5.2681,176.0,614.0,2427.0,2078.0,1460.0,943.0,957.0,1342.0,148.0,5284.0,3040.0,384.0,3604.0,173.0,110.0,510.0,565.0,44.0,667.0,1672.0,19.0,51.0,24.0,1.0,24.1621,6.5841,54.8293
1994,1787436,451000,668000,Cabbages,45.4196,176.0,614.0,2427.0,2078.0,1460.0,943.0,957.0,1342.0,148.0,5284.0,3040.0,384.0,3604.0,173.0,110.0,510.0,565.0,44.0,667.0,1672.0,19.0,51.0,24.0,1.0,5.2681,24.1621,6.5841
1994,1787436,451000,668000,Grapes,14.6539,176.0,614.0,2427.0,2078.0,1460.0,943.0,957.0,1342.0,148.0,5284.0,3040.0,384.0,3604.0,173.0,110.0,510.0,565.0,44.0,667.0,1672.0,19.0,51.0,24.0,1.0,45.4196,5.2681,24.1621
1994,1787436,451000,668000,Maize (corn),7.0808,176.0,614.0,2427.0,2078.0,1460.0,943.0,957.0,1342.0,148.0,5284.0,3040.0,384.0,3604.0,173.0,110.0,510.0,565.0,44.0,667.0,1672.0,19.0,51.0,24.0,1.0,14.6539,45.4196,5.2681
1994,1787436,451000,668000,Potatoes,32.9512,176.0,614.0,2427.0,2078.0,1460.0,943.0,957.0,1342.0,148.0,5284.0,3040.0,384.0,3604.0,173.0,110.0,510.0,565.0,44.0,667.0,1672.0,19.0,51.0,24.0,1.0,7.0808,14.6539,45.4196
1994,1787436,451000,668000,Rape or colza seed,2.7379,176.0,614.0,2427.0,2078.0,1460.0,943.0,957.0,1342.0,148.0,5284.0,3040.0,384.0,3604.0,173.0,110.0,510.0,565.0,44.0,667.0,1672.0,19.0,51.0,24.0,1.0,32.9512,7.0808,14.6539
1994,1787436,451000,668000,Rye,4.7757,176.0,614.0,2427.0,2078.0,1460.0,943.0,957.0,1342.0,148.0,5284.0,3040.0,384.0,3604.0,173.0,110.0,510.0,565.0,44.0,667.0,1672.0,19.0,51.0,24.0,1.0,2.7379,32.9512,7.0808
1994,1787436,451000,668000,Sugar beet,48.4238,176.0,614.0,2427.0,2078.0,1460.0,943.0,957.0,1342.0,148.0,5284.0,3040.0,384.0,3604.0,173.0,110.0,510.0,565.0,44.0,667.0,1672.0,19.0,51.0,24.0,1.0,4.7757,2.7379,32.9512
1994,1787436,451000,668000,Wheat,6.7684,176.0,614.0,2427.0,2078.0,1460.0,943.0,957.0,1342.0,148.0,5284.0,3040.0,384.0,3604.0,173.0,110.0,510.0,565.0,44.0,667.0,1672.0,19.0,51.0,24.0,1.0,48.4238,4.7757,2.7379
1995,1770000,401946,649000,Apples,15.8809,184.0,1043.0,2966.0,2514.0,1629.0,1316.0,1114.0,937.0,1001.0,5662.0,2821.0,590.0,3758.0,174.0,152.0,381.0,738.0,47.0,401.0,2435.0,18.0,141.0,41.0,1.0,6.7684,48.4238,4.7757
1995,1770000,401946,649000,Barley,5.6391,184.0,1043.0,2966.0,2514.0,1629.0,1316.0,1114.0,937.0,1001.0,5662.0,2821.0,590.0,3758.0,174.0,152.0,381.0,738.0,47.0,401.0,2435.0,18.0,141.0,41.0,1.0,15.8809,6.7684,48.4238
1995,1770000,401946,649000,Cabbages,47.9055,184.0,1043.0,2966.0,2514.0,1629.0,1316.0,1114.0,937.0,1001.0,5662.0,2821.0,590.0,3758.0,174.0,152.0,381.0,738.0,47.0,401.0,2435.0,18.0,141.0,41.0,1.0,5.6391,15.8809,6.7684
1995,1770000,401946,649000,Grapes,14.3997,184.0,1043.0,2966.0,2514.0,1629.0,1316.0,1114.0,937.0,1001.0,5662.0,2821.0,590.0,3758.0,174.0,152.0,381.0,738.0,47.0,401.0,2435.0,18.0,141.0,41.0,1.0,47.9055,5.6391,15.8809
1995,1770000,401946,649000,Maize (corn),7.3664,184.0,1043.0,2966.0,2514.0,1629.0,1316.0,1114.0,937.0,1001.0,5662.0,2821.0,590.0,3758.0,174.0,152.0,381.0,738.0,47.0,401.0,2435.0,18.0,141.0,41.0,1.0,14.3997,47.9055,5.6391
1995,1770000,401946,649000,Potatoes,31.4059,184.0,1043.0,2966.0,2514.0,1629.0,1316.0,1114.0,937.0,1001.0,5662.0,2821.0,590.0,3758.0,174.0,152.0,381.0,738.0,47.0,401.0,2435.0,18.0,141.0,41.0,1.0,7.3664,14.3997,47.9055
1995,1770000,401946,649000,Rape or colza seed,3.1865,184.0,1043.0,2966.0,2514.0,1629.0,1316.0,1114.0,937.0,1001.0,5662.0,2821.0,590.0,3758.0,174.0,152.0,381.0,738.0,47.0,401.0,2435.0,18.0,141.0,41.0,1.0,31.4059,7.3664,14.3997
1995,1770000,401946,649000,Rye,5.2489,184.0,1043.0,2966.0,2514.0,1629.0,1316.0,1114.0,937.0,1001.0,5662.0,2821.0,590.0,3758.0,174.0,152.0,381.0,738.0,47.0,401.0,2435.0,18.0,141.0,41.0,1.0,3.1865,31.4059,7.3664
1995,1770000,401946,649000,Sugar beet,50.7922,184.0,1043.0,2966.0,2514.0,1629.0,1316.0,1114.0,937.0,1001.0,5662.0,2821.0,590.0,3758.0,174.0,152.0,381.0,738.0,47.0,401.0,2435.0,18.0,141.0,41.0,1.0,5.2489,3.1865,31.4059
1995,1770000,401946,649000,Wheat,6.8882,184.0,1043.0,2966.0,2514.0,1629.0,1316.0,1114.0,937.0,1001.0,5662.0,2821.0,590.0,3758.0,174.0,152.0,381.0,738.0,47.0,401.0,2435.0,18.0,141.0,41.0,1.0,50.7922,5.2489,3.1865
1996,1758008,415136,645781,Apples,24.1236,173.0,1288.0,3452.0,2631.0,1767.0,1093.0,1178.0,991.0,1125.0,5942.0,2677.0,563.0,3928.0,102.0,156.0,364.0,595.0,42.0,782.0,2642.0,18.0,84.0,53.0,0.0,6.8882,50.7922,5.2489
1996,1758008,415136,645781,Barley,5.4673,173.0,1288.0,3452.0,2631.0,1767.0,1093.0,1178.0,991.0,1125.0,5942.0,2677.0,563.0,3928.0,102.0,156.0,364.0,595.0,42.0,782.0,2642.0,18.0,84.0,53.0,0.0,24.1236,6.8882,50.7922
1996,1758008,415136,645781,Cabbages,50.2047,173.0,1288.0,3452.0,2631.0,1767.0,1093.0,1178.0,991.0,1125.0,5942.0,2677.0,563.0,3928.0,102.0,156.0,364.0,595.0,42.0,782.0,2642.0,18.0,84.0,53.0,0.0,5.4673,24.1236,6.8882
1996,1758008,415136,645781,Grapes,12.3306,173.0,1288.0,3452.0,2631.0,1767.0,1093.0,1178.0,991.0,1125.0,5942.0,2677.0,563.0,3928.0,102.0,156.0,364.0,595.0,42.0,782.0,2642.0,18.0,84.0,53.0,0.0,50.2047,5.4673,24.1236
1996,1758008,415136,645781,Maize (corn),7.8272,173.0,1288.0,3452.0,2631.0,1767.0,1093.0,1178.0,991.0,1125.0,5942.0,2677.0,563.0,3928.0,102.0,156.0,364.0,595.0,42.0,782.0,2642.0,18.0,84.0,53.0,0.0,12.3306,50.2047,5.4673
1996,1758008,415136,645781,Potatoes,39.0096,173.0,1288.0,3452.0,2631.0,1767.0,1093.0,1178.0,991.0,1125.0,5942.0,2677.0,563.0,3928.0,102.0,156.0,364.0,595.0,42.0,782.0,2642.0,18.0,84.0,53.0,0.0,7.8272,12.3306,50.2047
1996,1758008,415136,645781,Rape or colza seed,2.3076,173.0,1288.0,3452.0,2631.0,1767.0,1093.0,1178.0,991.0,1125.0,5942.0,2677.0,563.0,3928.0,102.0,156.0,364.0,595.0,42.0,782.0,2642.0,18.0,84.0,53.0,0.0,39.0096,7.8272,12.3306
1996,1758008,415136,645781,Rye,5.2084,173.0,1288.0,3452.0,2631.0,1767.0,1093.0,1178.0,991.0,1125.0,5942.0,2677.0,563.0,3928.0,102.0,156.0,364.0,595.0,42.0,782.0,2642.0,18.0,84.0,53.0,0.0,2.3076,39.0096,7.8272
1996,1758008,415136,645781,Sugar beet,50.5632,173.0,1288.0,3452.0,2631.0,1767.0,1093.0,1178.0,991.0,1125.0,5942.0,2677.0,563.0,3928.0,102.0,156.0,364.0,595.0,42.0,782.0,2642.0,18.0,84.0,53.0,0.0,5.2084,2.3076,39.0096
1996,1758008,415136,645781,Wheat,7.2932,173.0,1288.0,3452.0,2631.0,1767.0,1093.0,1178.0,991.0,1125.0,5942.0,2677.0,563.0,3928.0,102.0,156.0,364.0,595.0,42.0,782.0,2642.0,18.0,84.0,53.0,0.0,50.5632,5.2084,2.3076
1997,1788388,409536,658895,Apples,21.3575,188.0,795.0,2989.0,2158.0,2111.0,1156.0,1295.0,707.0,812.0,6208.0,2593.0,392.0,4315.0,188.0,100.0,305.0,654.0,35.0,138.0,3040.0,42.0,104.0,59.0,1.0,7.2932,50.5632,5.2084
1997,1788388,409536,658895,Barley,5.8923,188.0,795.0,2989.0,2158.0,2111.0,1156.0,1295.0,707.0,812.0,6208.0,2593.0,392.0,4315.0,188.0,100.0,305.0,654.0,35.0,138.0,3040.0,42.0,104.0,59.0,1.0,21.3575,7.2932,50.5632
1997,1788388,409536,658895,Cabbages,49.2611,188.0,795.0,2989.0,2158.0,2111.0,1156.0,1295.0,707.0,812.0,6208.0,2593.0,392.0,4315.0,188.0,100.0,305.0,654.0,35.0,138.0,3040.0,42.0,104.0,59.0,1.0,5.8923,21.3575,7.2932
1997,1788388,409536,658895,Grapes,11.191,188.0,795.0,2989.0,2158.0,2111.0,1156.0,1295.0,707.0,812.0,6208.0,2593.0,392.0,4315.0,188.0,100.0,305.0,654.0,35.0,138.0,3040.0,42.0,104.0,59.0,1.0,49.2611,5.8923,21.3575
1997,1788388,409536,658895,Maize (corn),8.6577,188.0,795.0,2989.0,2158.0,2111.0,1156.0,1295.0,707.0,812.0,6208.0,2593.0,392.0,4315.0,188.0,100.0,305.0,654.0,35.0,138.0,3040.0,42.0,104.0,59.0,1.0,11.191,49.2611,5.8923
1997,1788388,409536,658895,Potatoes,38.4055,188.0,795.0,2989.0,2158.0,2111.0,1156.0,1295.0,707.0,812.0,6208.0,2593.0,392.0,4315.0,188.0,100.0,305.0,654.0,35.0,138.0,3040.0,42.0,104.0,59.0,1.0,8.6577,11.191,49.2611
1997,1788388,409536,658895,Rape or colza seed,3.1363,188.0,795.0,2989.0,2158.0,2111.0,1156.0,1295.0,707.0,812.0,6208.0,2593.0,392.0,4315.0,188.0,100.0,305.0,654.0,35.0,138.0,3040.0,42.0,104.0,59.0,1.0,38.4055,8.6577,11.191
1997,1788388,409536,658895,Rye,5.4304,188.0,795.0,2989.0,2158.0,2111.0,1156.0,1295.0,707.0,812.0,6208.0,2593.0,392.0,4315.0,188.0,100.0,305.0,654.0,35.0,138.0,3040.0,42.0,104.0,59.0,1.0,3.1363,38.4055,8.6577
1997,1788388,409536,658895,Sugar beet,51.1628,188.0,795.0,2989.0,2158.0,2111.0,1156.0,1295.0,707.0,812.0,6208.0,2593.0,392.0,4315.0,188.0,100.0,305.0,654.0,35.0,138.0,3040.0,42.0,104.0,59.0,1.0,5.4304,3.1363,38.4055
1997,1788388,409536,658895,Wheat,7.2902,188.0,795.0,2989.0,2158.0,2111.0,1156.0,1295.0,707.0,812.0,6208.0,2593.0,392.0,4315.0,188.0,100.0,305.0,654.0,35.0,138.0,3040.0,42.0,104.0,59.0,1.0,51.1628,5.4304,3.1363
1998,1903017,406678,628733,Apples,27.2961,223.0,1035.0,2830.0,2989.0,1788.0,1197.0,1097.0,541.0,837.0,7424.0,2541.0,390.0,4272.0,202.0,96.0,435.0,648.0,61.0,125.0,3741.0,81.0,93.0,74.0,0.0,7.2902,51.1628,5.4304
1998,1903017,406678,628733,Barley,5.7373,223.0,1035.0,2830.0,2989.0,1788.0,1197.0,1097.0,541.0,837.0,7424.0,2541.0,390.0,4272.0,202.0,96.0,435.0,648.0,61.0,125.0,3741.0,81.0,93.0,74.0,0.0,27.2961,7.2902,51.1628
1998,1903017,406678,628733,Cabbages,48.1636,223.0,1035.0,2830.0,2989.0,1788.0,1197.0,1097.0,541.0,837.0,7424.0,2541.0,390.0,4272.0,202.0,96.0,435.0,648.0,61.0,125.0,3741.0,81.0,93.0,74.0,0.0,5.7373,27.2961,7.2902
1998,1903017,406678,628733,Grapes,14.3865,223.0,1035.0,2830.0,2989.0,1788.0,1197.0,1097.0,541.0,837.0,7424.0,2541.0,390.0,4272.0,202.0,96.0,435.0,648.0,61.0,125.0,3741.0,81.0,93.0,74.0,0.0,48.1636,5.7373,27.2961
1998,1903017,406678,628733,Maize (corn),8.1561,223.0,1035.0,2830.0,2989.0,1788.0,1197.0,1097.0,541.0,837.0,7424.0,2541.0,390.0,4272.0,202.0,96.0,435.0,648.0,61.0,125.0,3741.0,81.0,93.0,74.0,0.0,14.3865,48.1636,5.7373
1998,1903017,406678,628733,Potatoes,38.1394,223.0,1035.0,2830.0,2989.0,1788.0,1197.0,1097.0,541.0,837.0,7424.0,2541.0,390.0,4272.0,202.0,96.0,435.0,648.0,61.0,125.0,3741.0,81.0,93.0,74.0,0.0,8.1561,14.3865,48.1636
1998,1903017,406678,628733,Rape or colza seed,3.3636,223.0,1035.0,2830.0,2989.0,1788.0,1197.0,1097.0,541.0,837.0,7424.0,2541.0,390.0,4272.0,202.0,96.0,435.0,648.0,61.0,125.0,3741.0,81.0,93.0,74.0,0.0,38.1394,8.1561,14.3865
1998,1903017,406678,628733,Rye,5.0991,223.0,1035.0,2830.0,2989.0,1788.0,1197.0,1097.0,541.0,837.0,7424.0,2541.0,390.0,4272.0,202.0,96.0,435.0,648.0,61.0,125.0,3741.0,81.0,93.0,74.0,0.0,3.3636,38.1394,8.1561
1998,1903017,406678,628733,Sugar beet,53.215,223.0,1035.0,2830.0,2989.0,1788.0,1197.0,1097.0,541.0,837.0,7424.0,2541.0,390.0,4272.0,202.0,96.0,435.0,648.0,61.0,125.0,3741.0,81.0,93.0,74.0,0.0,5.0991,3.3636,38.1394
1998,1903017,406678,628733,Wheat,7.2035,223.0,1035.0,2830.0,2989.0,1788.0,1197.0,1097.0,541.0,837.0,7424.0,2541.0,390.0,4272.0,202.0,96.0,435.0,648.0,61.0,125.0,3741.0,81.0,93.0,74.0,0.0,53.215,5.0991,3.3636
1999,2014010,420000,599150,Apples,28.9413,228.0,1318.0,2381.0,2385.0,1789.0,1172.0,1176.0,696.0,613.0,7308.0,2465.0,358.0,3035.0,180.0,64.0,473.0,598.0,47.0,87.0,2765.0,140.0,96.0,78.0,0.0,7.2035,53.215,5.0991
1999,2014010,420000,599150,Barley,6.0176,228.0,1318.0,2381.0,2385.0,1789.0,1172.0,1176.0,696.0,613.0,7308.0,2465.0,358.0,3035.0,180.0,64.0,473.0,598.0,47.0,87.0,2765.0,140.0,96.0,78.0,0.0,28.9413,7.2035,53.215
1999,2014010,420000,599150,Cabbages,53.8566,228.0,1318.0,2381.0,2385.0,1789.0,1172.0,1176.0,696.0,613.0,7308.0,2465.0,358.0,3035.0,180.0,64.0,473.0,598.0,47.0,87.0,2765.0,140.0,96.0,78.0,0.0,6.0176,28.9413,7.2035
1999,2014010,420000,599150,Grapes,16.3722,228.0,1318.0,2381.0,2385.0,1789.0,1172.0,1176.0,696.0,613.0,7308.0,2465.0,358.0,3035.0,180.0,64.0,473.0,598.0,47.0,87.0,2765.0,140.0,96.0,78.0,0.0,53.8566,6.0176,28.9413
1999,2014010,420000,599150,Maize (corn),8.785,228.0,1318.0,2381.0,2385.0,1789.0,1172.0,1176.0,696.0,613.0,7308.0,2465.0,358.0,3035.0,180.0,64.0,473.0,598.0,47.0,87.0,2765.0,140.0,96.0,78.0,0.0,16.3722,53.8566,6.0176
1999,2014010,420000,599150,Potatoes,37.4989,228.0,1318.0,2381.0,2385.0,1789.0,1172.0,1176.0,696.0,613.0,7308.0,2465.0,358.0,3035.0,180.0,64.0,473.0,598.0,47.0,87.0,2765.0,140.0,96.0,78.0,0.0,8.785,16.3722,53.8566
1999,2014010,420000,599150,Rape or colza seed,3.5763,228.0,1318.0,2381.0,2385.0,1789.0,1172.0,1176.0,696.0,613.0,7308.0,2465.0,358.0,3035.0,180.0,64.0,473.0,598.0,47.0,87.0,2765.0,140.0,96.0,78.0,0.0,37.4989,8.785,16.3722
1999,2014010,420000,599150,Rye,5.7857,228.0,1318.0,2381.0,2385.0,1789.0,1172.0,1176.0,696.0,613.0,7308.0,2465.0,358.0,3035.0,180.0,64.0,473.0,598.0,47.0,87.0,2765.0,140.0,96.0,78.0,0.0,3.5763,37.4989,8.785
1999,2014010,420000,599150,Sugar beet,56.3591,228.0,1318.0,2381.0,2385.0,1789.0,1172.0,1176.0,696.0,613.0,7308.0,2465.0,358.0,3035.0,180.0,64.0,473.0,598.0,47.0,87.0,2765.0,140.0,96.0,78.0,0.0,5.7857,3.5763,37.4989
1999,2014010,420000,599150,Wheat,7.5411,228.0,1318.0,2381.0,2385.0,1789.0,1172.0,1176.0,696.0,613.0,7308.0,2465.0,358.0,3035.0,180.0,64.0,473.0,598.0,47.0,87.0,2765.0,140.0,96.0,78.0,0.0,56.3591,5.7857,3.5763
2000,1847507,351317,543952,Apples,25.0944,193.27,792.17,1871.66,3009.89,2194.46,1314.41,1959.03,802.2,668.86,6680.33,2342.78,1259.85,2708.81,86.04,106.96,449.78,705.39,32.18,84.03,2141.86,114.0,110.74,78.2,0.3,7.5411,56.3591,5.7857
2000,1847507,351317,543952,Barley,5.855,193.27,792.17,1871.66,3009.89,2194.46,1314.41,1959.03,802.2,668.86,6680.33,2342.78,1259.85,2708.81,86.04,106.96,449.78,705.39,32.18,84.03,2141.86,114.0,110.74,78.2,0.3,25.0944,7.5411,56.3591
2000,1847507,351317,543952,Cabbages,53.0667,193.27,792.17,1871.66,3009.89,2194.46,1314.41,1959.03,802.2,668.86,6680.33,2342.78,1259.85,2708.81,86.04,106.96,449.78,705.39,32.18,84.03,2141.86,114.0,110.74,78.2,0.3,5.855,25.0944,7.5411
2000,1847507,351317,543952,Grapes,13.4028,193.27,792.17,1871.66,3009.89,2194.46,1314.41,1959.03,802.2,668.86,6680.33,2342.78,1259.85,2708.81,86.04,106.96,449.78,705.39,32.18,84.03,2141.86,114.0,110.74,78.2,0.3,53.0667,5.855,25.0944
2000,1847507,351317,543952,Maize (corn),9.2119,193.27,792.17,1871.66,3009.89,2194.46,1314.41,1959.03,802.2,668.86,6680.33,2342.78,1259.85,2708.81,86.04,106.96,449.78,705.39,32.18,84.03,2141.86,114.0,110.74,78.2,0.3,13.4028,53.0667,5.855
2000,1847507,351317,543952,Potatoes,43.3437,193.27,792.17,1871.66,3009.89,2194.46,1314.41,1959.03,802.2,668.86,6680.33,2342.78,1259.85,2708.81,86.04,106.96,449.78,705.39,32.18,84.03,2141.86,114.0,110.74,78.2,0.3,9.2119,13.4028,53.0667
2000,1847507,351317,543952,Rape or colza seed,3.3262,193.27,792.17,1871.66,3009.89,2194.46,1314.41,1959.03,802.2,668.86,6680.33,2342.78,1259.85,2708.81,86.04,106.96,449.78,705.39,32.18,84.03,2141.86,114.0,110.74,78.2,0.3,43.3437,9.2119,13.4028
2000,1847507,351317,543952,Rye,4.9296,193.27,792.17,1871.66,3009.89,2194.46,1314.41,1959.03,802.2,668.86,6680.33,2342.78,1259.85,2708.81,86.04,106.96,449.78,705.39,32.18,84.03,2141.86,114.0,110.74,78.2,0.3,3.3262,43.3437,9.2119
2000,1847507,351317,543952,Sugar beet,61.6587,193.27,792.17,1871.66,3009.89,2194.46,1314.41,1959.03,802.2,668.86,6680.33,2342.78,1259.85,2708.81,86.04,106.96,449.78,705.39,32.18,84.03,2141.86,114.0,110.74,78.2,0.3,4.9296,3.3262,43.3437
2000,1847507,351317,543952,Wheat,7.2826,193.27,792.17,1871.66,3009.89,2194.46,1314.41,1959.03,802.2,668.86,6680.33,2342.78,1259.85,2708.81,86.04,106.96,449.78,705.39,32.18,84.03,2141.86,114.0,110.74,78.2,0.3,61.6587,4.9296,3.3262
2001,1792212,315339,505862,Apples,25.4143,205.07,913.95,1438.38,1958.85,2199.62,1306.07,1773.87,316.06,776.76,6522.8,1637.69,1437.61,2302.63,61.93,112.42,393.86,714.37,26.12,90.83,2943.45,81.58,106.56,68.21,0.2,7.2826,61.6587,4.9296
2001,1792212,315339,505862,Barley,6.39,205.07,913.95,1438.38,1958.85,2199.62,1306.07,1773.87,316.06,776.76,6522.8,1637.69,1437.61,2302.63,61.93,112.42,393.86,714.37,26.12,90.83,2943.45,81.58,106.56,68.21,0.2,25.4143,7.2826,61.6587
2001,1792212,315339,505862,Cabbages,52.4247,205.07,913.95,1438.38,1958.85,2199.62,1306.07,1773.87,316.06,776.76,6522.8,1637.69,1437.61,2302.63,61.93,112.42,393.86,714.37,26.12,90.83,2943.45,81.58,106.56,68.21,0.2,6.39,25.4143,7.2826
2001,1792212,315339,505862,Grapes,12.2952,205.07,913.95,1438.38,1958.85,2199.62,1306.07,1773.87,316.06,776.76,6522.8,1637.69,1437.61,2302.63,61.93,112.42,393.86,714.37,26.12,90.83,2943.45,81.58,106.56,68.21,0.2,52.4247,6.39,25.4143
2001,1792212,315339,505862,Maize (corn),8.8376,205.07,913.95,1438.38,1958.85,2199.62,1306.07,1773.87,316.06,776.76,6522.8,1637.69,1437.61,2302.63,61.93,112.42,393.86,714.37,26.12,90.83,2943.45,81.58,106.56,68.21,0.2,12.2952,52.4247,6.39
2001,1792212,315339,505862,Potatoes,40.7758,205.07,913.95,1438.38,1958.85,2199.62,1306.07,1773.87,316.06,776.76,6522.8,1637.69,1437.61,2302.63,61.93,112.42,393.86,714.37,26.12,90.83,2943.45,81.58,106.56,68.21,0.2,8.8376,12.2952,52.4247
2001,1792212,315339,505862,Rape or colza seed,3.6557,205.07,913.95,1438.38,1958.85,2199.62,1306.07,1773.87,316.06,776.76,6522.8,1637.69,1437.61,2302.63,61.93,112.42,393.86,714.37,26.12,90.83,2943.45,81.58,106.56,68.21,0.2,40.7758,8.8376,12.2952
2001,1792212,315339,505862,Rye,6.132,205.07,913.95,1438.38,1958.85,2199.62,1306.07,1773.87,316.06,776.76,6522.8,1637.69,1437.61,2302.63,61.93,112.42,393.86,714.37,26.12,90.83,2943.45,81.58,106.56,68.21,0.2,3.6557,40.7758,8.8376
2001,1792212,315339,505862,Sugar beet,55.2381,205.07,913.95,1438.38,1958.85,2199.62,1306.07,1773.87,316.06,776.76,6522.8,1637.69,1437.61,2302.63,61.93,112.42,393.86,714.37,26.12,90.83,2943.45,81.58,106.56,68.21,0.2,6.132,3.6557,40.7758
2001,1792212,315339,505862,Wheat,7.8827,205.07,913.95,1438.38,1958.85,2199.62,1306.07,1773.87,316.06,776.76,6522.8,1637.69,1437.61,2302.63,61.93,112.42,393.86,714.37,26.12,90.83,2943.45,81.58,106.56,68.21,0.2,55.2381,6.132,3.6557
2002,1787833,327387,479673,Barley,5.5462,323.97,795.09,1814.0,2485.87,3152.39,1344.47,1831.82,570.01,680.33,6687.86,1927.08,756.6,1690.73,77.18,142.61,296.68,843.99,51.83,137.4,3146.74,106.44,114.51,69.0,0.1,7.8827,55.2381,6.132
2002,1787833,327387,479673,Cabbages,46.0025,323.97,795.09,1814.0,2485.87,3152.39,1344.47,1831.82,570.01,680.33,6687.86,1927.08,756.6,1690.73,77.18,142.61,296.68,843.99,51.83,137.4,3146.74,106.44,114.51,69.0,0.1,5.5462,7.8827,55.2381
2002,1787833,327387,479673,Grapes,13.8501,323.97,795.09,1814.0,2485.87,3152.39,1344.47,1831.82,570.01,680.33,6687.86,1927.08,756.6,1690.73,77.18,142.61,296.68,843.99,51.83,137.4,3146.74,106.44,114.51,69.0,0.1,46.0025,5.5462,7.8827
2002,1787833,327387,479673,Maize (corn),9.3755,323.97,795.09,1814.0,2485.87,3152.39,1344.47,1831.82,570.01,680.33,6687.86,1927.08,756.6,1690.73,77.18,142.61,296.68,843.99,51.83,137.4,3146.74,106.44,114.51,69.0,0.1,13.8501,46.0025,5.5462
2002,1787833,327387,479673,Potatoes,39.1226,323.97,795.09,1814.0,2485.87,3152.39,1344.47,1831.82,570.01,680.33,6687.86,1927.08,756.6,1690.73,77.18,142.61,296.68,843.99,51.83,137.4,3146.74,106.44,114.51,69.0,0.1,9.3755,13.8501,46.0025
2002,1787833,327387,479673,Rape or colza seed,2.9682,323.97,795.09,1814.0,2485.87,3152.39,1344.47,1831.82,570.01,680.33,6687.86,1927.08,756.6,1690.73,77.18,142.61,296.68,843.99,51.83,137.4,3146.74,106.44,114.51,69.0,0.1,39.1226,9.3755,13.8501
2002,1787833,327387,479673,Rye,5.033,323.97,795.09,1814.0,2485.87,3152.39,1344.47,1831.82,570.01,680.33,6687.86,1927.08,756.6,1690.73,77.18,142.61,296.68,843.99,51.83,137.4,3146.74,106.44,114.51,69.0,0.1,2.9682,39.1226,9.3755
2002,1787833,327387,479673,Sugar beet,58.3246,323.97,795.09,1814.0,2485.87,3152.39,1344.47,1831.82,570.01,680.33,6687.86,1927.08,756.6,1690.73,77.18,142.61,296.68,843.99,51.83,137.4,3146.74,106.44,114.51,69.0,0.1,5.033,2.9682,39.1226
2002,1787833,327387,479673,Wheat,6.9056,323.97,795.09,1814.0,2485.87,3152.39,1344.47,1831.82,570.01,680.33,6687.86,1927.08,756.6,1690.73,77.18,142.61,296.68,843.99,51.83,137.4,3146.74,106.44,114.51,69.0,0.1,58.3246,5.033,2.9682
2003,1827767,284138,486464,Apples,26.2493,49.16,655.17,2611.99,2786.63,2643.78,1078.6,2030.56,658.33,894.83,6109.07,1559.67,1444.86,2377.27,54.73,85.92,386.61,478.04,32.84,128.04,3275.93,78.82,117.49,157.45,0.1,6.9056,58.3246,5.033
2003,1827767,284138,486464,Barley,5.1072,49.16,655.17,2611.99,2786.63,2643.78,1078.6,2030.56,658.33,894.83,6109.07,1559.67,1444.86,2377.27,54.73,85.92,386.61,478.04,32.84,128.04,3275.93,78.82,117.49,157.45,0.1,26.2493,6.9056,58.3246
2003,1827767,284138,486464,Cabbages,48.9785,49.16,655.17,2611.99,2786.63,2643.78,1078.6,2030.56,658.33,894.83,6109.07,1559.67,1444.86,2377.27,54.73,85.92,386.61,478.04,32.84,128.04,3275.93,78.82,117.49,157.45,0.1,5.1072,26.2493,6.9056
2003,1827767,284138,486464,Grapes,11.4989,49.16,655.17,2611.99,2786.63,2643.78,1078.6,2030.56,658.33,894.83,6109.07,1559.67,1444.86,2377.27,54.73,85.92,386.61,478.04,32.84,128.04,3275.93,78.82,117.49,157.45,0.1,48.9785,5.1072,26.2493
2003,1827767,284138,486464,Maize (corn),7.3845,49.16,655.17,2611.99,2786.63,2643.78,1078.6,2030.56,658.33,894.83,6109.07,1559.67,1444.86,2377.27,54.73,85.92,386.61,478.04,32.84,128.04,3275.93,78.82,117.49,157.45,0.1,11.4989,48.9785,5.1072
2003,1827767,284138,486464,Potatoes,34.5177,49.16,655.17,2611.99,2786.63,2643.78,1078.6,2030.56,658.33,894.83,6109.07,1559.67,1444.86,2377.27,54.73,85.92,386.61,478.04,32.84,128.04,3275.93,78.82,117.49,157.45,0.1,7.3845,11.4989,48.9785
2003,1827767,284138,486464,Rape or colza seed,2.8713,49.16,655.17,2611.99,2786.63,2643.78,1078.6,2030.56,658.33,894.83,6109.07,1559.67,1444.86,2377.27,54.73,85.92,386.61,478.04,32.84,128.04,3275.93,78.82,117.49,157.45,0.1,34.5177,7.3845,11.4989
2003,1827767,284138,486464,Rye,4.2871,49.16,655.17,2611.99,2786.63,2643.78,1078.6,2030.56,658.33,894.83,6109.07,1559.67,1444.86,2377.27,54.73,85.92,386.61,478.04,32.84,128.04,3275.93,78.82,117.49,157.45,0.1,2.8713,34.5177,7.3845
2003,1827767,284138,486464,Sugar beet,53.2184,49.16,655.17,2611.99,2786.63,2643.78,1078.6,2030.56,658.33,894.83,6109.07,1559.67,1444.86,2377.27,54.73,85.92,386.61,478.04,32.84,128.04,3275.93,78.82,117.49,157.45,0.1,4.2871,2.8713,34.5177
2003,1827767,284138,486464,Wheat,6.4985,49.16,655.17,2611.99,2786.63,2643.78,1078.6,2030.56,658.33,894.83,6109.07,1559.67,1444.86,2377.27,54.73,85.92,386.61,478.04,32.84,128.04,3275.93,78.82,117.49,157.45,0.1,53.2184,4.2871,2.8713
2004,1778438,302714,478415,Apples,30.29,81.98,828.26,1960.16,958.42,2816.43,1210.85,2116.78,602.17,1014.27,6523.4,1367.5,1674.3,2413.92,151.0,120.06,495.05,401.05,34.5,192.49,3007.76,131.51,115.21,95.36,0.1,6.4985,53.2184,4.2871
2004,1778438,302714,478415,Barley,6.5638,81.98,828.26,1960.16,958.42,2816.43,1210.85,2116.78,602.17,1014.27,6523.4,1367.5,1674.3,2413.92,151.0,120.06,495.05,401.05,34.5,192.49,3007.76,131.51,115.21,95.36,0.1,30.29,6.4985,53.2184
2004,1778438,302714,478415,Cabbages,49.6052,81.98,828.26,1960.16,958.42,2816.43,1210.85,2116.78,602.17,1014.27,6523.4,1367.5,1674.3,2413.92,151.0,120.06,495.05,401.05,34.5,192.49,3007.76,131.51,115.21,95.36,0.1,6.5638,30.29,6.4985
2004,1778438,302714,478415,Grapes,12.0322,81.98,828.26,1960.16,958.42,2816.43,1210.85,2116.78,602.17,1014.27,6523.4,1367.5,1674.3,2413.92,151.0,120.06,495.05,401.05,34.5,192.49,3007.76,131.51,115.21,95.36,0.1,49.6052,6.5638,30.29
2004,1778438,302714,478415,Maize (corn),9.0966,81.98,828.26,1960.16,958.42,2816.43,1210.85,2116.78,602.17,1014.27,6523.4,1367.5,1674.3,2413.92,151.0,120.06,495.05,401.05,34.5,192.49,3007.76,131.51,115.21,95.36,0.1,12.0322,49.6052,6.5638
2004,1778438,302714,478415,Potatoes,44.1756,81.98,828.26,1960.16,958.42,2816.43,1210.85,2116.78,602.17,1014.27,6523.4,1367.5,1674.3,2413.92,151.0,120.06,495.05,401.05,34.5,192.49,3007.76,131.51,115.21,95.36,0.1,9.0966,12.0322,49.6052
2004,1778438,302714,478415,Rape or colza seed,4.1116,81.98,828.26,1960.16,958.42,2816.43,1210.85,2116.78,602.17,1014.27,6523.4,1367.5,1674.3,2413.92,151.0,120.06,495.05,401.05,34.5,192.49,3007.76,131.51,115.21,95.36,0.1,44.1756,9.0966,12.0322
2004,1778438,302714,478415,Rye,6.1285,81.98,828.26,1960.16,958.42,2816.43,1210.85,2116.78,602.17,1014.27,6523.4,1367.5,1674.3,2413.92,151.0,120.06,495.05,401.05,34.5,192.49,3007.76,131.51,115.21,95.36,0.1,4.1116,44.1756,9.0966
2004,1778438,302714,478415,Sugar beet,61.6486,81.98,828.26,1960.16,958.42,2816.43,1210.85,2116.78,602.17,1014.27,6523.4,1367.5,1674.3,2413.92,151.0,120.06,495.05,401.05,34.5,192.49,3007.76,131.51,115.21,95.36,0.1,6.1285,4.1116,44.1756
2004,1778438,302714,478415,Wheat,8.1716,81.98,828.26,1960.16,958.42,2816.43,1210.85,2116.78,602.17,1014.27,6523.4,1367.5,1674.3,2413.92,151.0,120.06,495.05,401.05,34.5,192.49,3007.76,131.51,115.21,95.36,0.1,61.6486,6.1285,4.1116
2005,1784996,273937,426111,Apples,27.5643,62.09,773.65,2052.92,1618.71,3844.31,1189.43,2325.59,572.87,1021.06,6760.73,1354.26,1477.98,1902.01,109.7,211.46,247.44,360.88,33.83,147.8,3347.26,100.25,104.06,91.73,0.1,8.1716,61.6486,6.1285
2005,1784996,273937,426111,Barley,5.9656,62.09,773.65,2052.92,1618.71,3844.31,1189.43,2325.59,572.87,1021.06,6760.73,1354.26,1477.98,1902.01,109.7,211.46,247.44,360.88,33.83,147.8,3347.26,100.25,104.06,91.73,0.1,27.5643,8.1716,61.6486
2005,1784996,273937,426111,Cabbages,49.9965,62.09,773.65,2052.92,1618.71,3844.31,1189.43,2325.59,572.87,1021.06,6760.73,1354.26,1477.98,1902.01,109.7,211.46,247.44,360.88,33.83,147.8,3347.26,100.25,104.06,91.73,0.1,5.9656,27.5643,8.1716
2005,1784996,273937,426111,Grapes,14.6549,62.09,773.65,2052.92,1618.71,3844.31,1189.43,2325.59,572.87,1021.06,6760.73,1354.26,1477.98,1902.01,109.7,211.46,247.44,360.88,33.83,147.8,3347.26,100.25,104.06,91.73,0.1,49.9965,5.9656,27.5643
2005,1784996,273937,426111,Maize (corn),9.2139,62.09,773.65,2052.92,1618.71,3844.31,1189.43,2325.59,572.87,1021.06,6760.73,1354.26,1477.98,1902.01,109.7,211.46,247.44,360.88,33.83,147.8,3347.26,100.25,104.06,91.73,0.1,14.6549,49.9965,5.9656
2005,1784996,273937,426111,Potatoes,41.9798,62.09,773.65,2052.92,1618.71,3844.31,1189.43,2325.59,572.87,1021.06,6760.73,1354.26,1477.98,1902.01,109.7,211.46,247.44,360.88,33.83,147.8,3347.26,100.25,104.06,91.73,0.1,9.2139,14.6549,49.9965
2005,1784996,273937,426111,Rape or colza seed,3.759,62.09,773.65,2052.92,1618.71,3844.31,1189.43,2325.59,572.87,1021.06,6760.73,1354.26,1477.98,1902.01,109.7,211.46,247.44,360.88,33.83,147.8,3347.26,100.25,104.06,91.73,0.1,41.9798,9.2139,14.6549
2005,1784996,273937,426111,Rye,5.0874,62.09,773.65,2052.92,1618.71,3844.31,1189.43,2325.59,572.87,1021.06,6760.73,1354.26,1477.98,1902.01,109.7,211.46,247.44,360.88,33.83,147.8,3347.26,100.25,104.06,91.73,0.1,3.759,41.9798,9.2139
2005,1784996,273937,426111,Sugar beet,60.1873,62.09,773.65,2052.92,1618.71,3844.31,1189.43,2325.59,572.87,1021.06,6760.73,1354.26,1477.98,1902.01,109.7,211.46,247.44,360.88,33.83,147.8,3347.26,100.25,104.06,91.73,0.1,5.0874,3.759,41.9798
2005,1784996,273937,426111,Wheat,7.4651,62.09,773.65,2052.92,1618.71,3844.31,1189.43,2325.59,572.87,1021.06,6760.73,1354.26,1477.98,1902.01,109.7,211.46,247.44,360.88,33.83,147.8,3347.26,100.25,104.06,91.73,0.1,60.1873,5.0874,3.759
2006,1599788,264610,442578,Apples,29.1537,55.18,721.0,1821.52,1863.35,3809.17,1251.33,2450.6,597.58,1534.5,6952.35,1316.64,1572.02,2461.68,113.28,154.48,120.82,347.74,39.92,104.88,3229.24,115.33,68.07,109.34,0.1,7.4651,60.1873,5.0874
2006,1599788,264610,442578,Barley,5.9086,55.18,721.0,1821.52,1863.35,3809.17,1251.33,2450.6,597.58,1534.5,6952.35,1316.64,1572.02,2461.68,113.28,154.48,120.82,347.74,39.92,104.88,3229.24,115.33,68.07,109.34,0.1,29.1537,7.4651,60.1873
2006,1599788,264610,442578,Cabbages,49.872,55.18,721.0,1821.52,1863.35,3809.17,1251.33,2450.6,597.58,1534.5,6952.35,1316.64,1572.02,2461.68,113.28,154.48,120.82,347.74,39.92,104.88,3229.24,115.33,68.07,109.34,0.1,5.9086,29.1537,7.4651
2006,1599788,264610,442578,Grapes,12.3493,55.18,721.0,1821.52,1863.35,3809.17,1251.33,2450.6,597.58,1534.5,6952.35,1316.64,1572.02,2461.68,113.28,154.48,120.82,347.74,39.92,104.88,3229.24,115.33,68.07,109.34,0.1,49.872,5.9086,29.1537
2006,1599788,264610,442578,Maize (corn),8.0307,55.18,721.0,1821.52,1863.35,3809.17,1251.33,2450.6,597.58,1534.5,6952.35,1316.64,1572.02,2461.68,113.28,154.48,120.82,347.74,39.92,104.88,3229.24,115.33,68.07,109.34,0.1,12.3493,49.872,5.9086
2006,1599788,264610,442578,Potatoes,36.568,55.18,721.0,1821.52,1863.35,3809.17,1251.33,2450.6,597.58,1534.5,6952.35,1316.64,1572.02,2461.68,113.28,154.48,120.82,347.74,39.92,104.88,3229.24,115.33,68.07,109.34,0.1,8.0307,12.3493,49.872
2006,1599788,264610,442578,Rape or colza seed,3.7344,55.18,721.0,1821.52,1863.35,3809.17,1251.33,2450.6,597.58,1534.5,6952.35,1316.64,1572.02,2461.68,113.28,154.48,120.82,347.74,39.92,104.88,3229.24,115.33,68.07,109.34,0.1,36.568,8.0307,12.3493
2006,1599788,264610,442578,Rye,4.9057,55.18,721.0,1821.52,1863.35,3809.17,1251.33,2450.6,597.58,1534.5,6952.35,1316.64,1572.02,2461.68,113.28,154.48,120.82,347.74,39.92,104.88,3229.24,115.33,68.07,109.34,0.1,3.7344,36.568,8.0307
2006,1599788,264610,442578,Sugar beet,57.7366,55.18,721.0,1821.52,1863.35,3809.17,1251.33,2450.6,597.58,1534.5,6952.35,1316.64,1572.02,2461.68,113.28,154.48,120.82,347.74,39.92,104.88,3229.24,115.33,68.07,109.34,0.1,4.9057,3.7344,36.568
2006,1599788,264610,442578,Wheat,7.2007,55.18,721.0,1821.52,1863.35,3809.17,1251.33,2450.6,597.58,1534.5,6952.35,1316.64,1572.02,2461.68,113.28,154.48,120.82,347.74,39.92,104.88,3229.24,115.33,68.07,109.34,0.1,57.7366,4.9057,3.7344
2007,1807176,316692,511303,Apples,33.7327,61.21,593.04,2383.78,2044.23,3871.61,1355.51,2906.99,719.77,1009.07,7594.14,1133.07,1782.14,1814.94,168.26,129.13,293.8,701.4,77.85,121.74,2826.45,143.55,104.04,99.54,0.1,7.2007,57.7366,4.9057
2007,1807176,316692,511303,Barley,5.4173,61.21,593.04,2383.78,2044.23,3871.61,1355.51,2906.99,719.77,1009.07,7594.14,1133.07,1782.14,1814.94,168.26,129.13,293.8,701.4,77.85,121.74,2826.45,143.55,104.04,99.54,0.1,33.7327,7.2007,57.7366
2007,1807176,316692,511303,Cabbages,52.5594,61.21,593.04,2383.78,2044.23,3871.61,1355.51,2906.99,719.77,1009.07,7594.14,1133.07,1782.14,1814.94,168.26,129.13,293.8,701.4,77.85,121.74,2826.45,143.55,104.04,99.54,0.1,5.4173,33.7327,7.2007
2007,1807176,316692,511303,Grapes,14.0479,61.21,593.04,2383.78,2044.23,3871.61,1355.51,2906.99,719.77,1009.07,7594.14,1133.07,1782.14,1814.94,168.26,129.13,293.8,701.4,77.85,121.74,2826.45,143.55,104.04,99.54,0.1,52.5594,5.4173,33.7327
2007,1807176,316692,511303,Maize (corn),9.4475,61.21,593.04,2383.78,2044.23,3871.61,1355.51,2906.99,719.77,1009.07,7594.14,1133.07,1782.14,1814.94,168.26,129.13,293.8,701.4,77.85,121.74,2826.45,143.55,104.04,99.54,0.1,14.0479,52.5594,5.4173
2007,1807176,316692,511303,Potatoes,42.347,61.21,593.04,2383.78,2044.23,3871.61,1355.51,2906.99,719.77,1009.07,7594.14,1133.07,1782.14,1814.94,168.26,129.13,293.8,701.4,77.85,121.74,2826.45,143.55,104.04,99.54,0.1,9.4475,14.0479,52.5594
2007,1807176,316692,511303,Rape or colza seed,3.4366,61.21,593.04,2383.78,2044.23,3871.61,1355.51,2906.99,719.77,1009.07,7594.14,1133.07,1782.14,1814.94,168.26,129.13,293.8,701.4,77.85,121.74,2826.45,143.55,104.04,99.54,0.1,42.347,9.4475,14.0479
2007,1807176,316692,511303,Rye,4.0217,61.21,593.04,2383.78,2044.23,3871.61,1355.51,2906.99,719.77,1009.07,7594.14,1133.07,1782.14,1814.94,168.26,129.13,293.8,701.4,77.85,121.74,2826.45,143.55,104.04,99.54,0.1,3.4366,42.347,9.4475
2007,1807176,316692,511303,Sugar beet,62.4269,61.21,593.04,2383.78,2044.23,3871.61,1355.51,2906.99,719.77,1009.07,7594.14,1133.07,1782.14,1814.94,168.26,129.13,293.8,701.4,77.85,121.74,2826.45,143.55,104.04,99.54,0.1,4.0217,3.4366,42.347
2007,1807176,316692,511303,Wheat,6.9611,61.21,593.04,2383.78,2044.23,3871.61,1355.51,2906.99,719.77,1009.07,7594.14,1133.07,1782.14,1814.94,168.26,129.13,293.8,701.4,77.85,121.74,2826.45,143.55,104.04,99.54,0.1,62.4269,4.0217,3.4366
2008,1550625,174345,179171,Apples,32.9244,66.04,714.68,2162.09,2357.55,4107.59,1344.57,3240.24,518.62,831.32,9572.6,914.86,1718.87,1605.44,160.37,115.63,195.9,645.55,58.12,123.02,2921.53,183.65,91.15,132.89,0.41,6.9611,62.4269,4.0217
2008,1550625,174345,179171,Barley,6.1004,66.04,714.68,2162.09,2357.55,4107.59,1344.57,3240.24,518.62,831.32,9572.6,914.86,1718.87,1605.44,160.37,115.63,195.9,645.55,58.12,123.02,2921.53,183.65,91.15,132.89,0.41,32.9244,6.9611,62.4269
2008,1550625,174345,179171,Cabbages,51.7613,66.04,714.68,2162.09,2357.55,4107.59,1344.57,3240.24,518.62,831.32,9572.6,914.86,1718.87,1605.44,160.37,115.63,195.9,645.55,58.12,123.02,2921.53,183.65,91.15,132.89,0.41,6.1004,32.9244,6.9611
2008,1550625,174345,179171,Grapes,13.5497,66.04,714.68,2162.09,2357.55,4107.59,1344.57,3240.24,518.62,831.32,9572.6,914.86,1718.87,1605.44,160.37,115.63,195.9,645.55,58.12,123.02,2921.53,183.65,91.15,132.89,0.41,51.7613,6.1004,32.9244
2008,1550625,174345,179171,Maize (corn),9.8099,66.04,714.68,2162.09,2357.55,4107.59,1344.57,3240.24,518.62,831.32,9572.6,914.86,1718.87,1605.44,160.37,115.63,195.9,645.55,58.12,123.02,2921.53,183.65,91.15,132.89,0.41,13.5497,51.7613,6.1004
2008,1550625,174345,179171,Potatoes,43.7606,66.04,714.68,2162.09,2357.55,4107.59,1344.57,3240.24,518.62,831.32,9572.6,914.86,1718.87,1605.44,160.37,115.63,195.9,645.55,58.12,123.02,2921.53,183.65,91.15,132.89,0.41,9.8099,13.5497,51.7613
2008,1550625,174345,179171,Rape or colza seed,3.7606,66.04,714.68,2162.09,2357.55,4107.59,1344.57,3240.24,518.62,831.32,9572.6,914.86,1718.87,1605.44,160.37,115.63,195.9,645.55,58.12,123.02,2921.53,183.65,91.15,132.89,0.41,43.7606,9.8099,13.5497
2008,1550625,174345,179171,Rye,5.0808,66.04,714.68,2162.09,2357.55,4107.59,1344.57,3240.24,518.62,831.32,9572.6,914.86,1718.87,1605.44,160.37,115.63,195.9,645.55,58.12,123.02,2921.53,183.65,91.15,132.89,0.41,3.7606,43.7606,9.8099
2008,1550625,174345,179171,Sugar beet,62.287,66.04,714.68,2162.09,2357.55,4107.59,1344.57,3240.24,518.62,831.32,9572.6,914.86,1718.87,1605.44,160.37,115.63,195.9,645.55,58.12,123.02,2921.53,183.65,91.15,132.89,0.41,5.0808,3.7606,43.7606
2008,1550625,174345,179171,Wheat,8.0873,66.04,714.68,2162.09,2357.55,4107.59,1344.57,3240.24,518.62,831.32,9572.6,914.86,1718.87,1605.44,160.37,115.63,195.9,645.55,58.12,123.02,2921.53,183.65,91.15,132.89,0.41,62.287,5.0808,3.7606
2009,1569045,235159,362791,Apples,33.6554,169.81,809.46,1534.54,2351.21,3852.59,1483.63,2895.95,634.27,893.97,5882.46,1604.93,1552.39,1479.22,118.89,191.22,336.08,646.68,62.69,87.57,2844.31,174.13,91.02,124.83,0.41,8.0873,62.287,5.0808
2009,1569045,235159,362791,Barley,6.5436,169.81,809.46,1534.54,2351.21,3852.59,1483.63,2895.95,634.27,893.97,5882.46,1604.93,1552.39,1479.22,118.89,191.22,336.08,646.68,62.69,87.57,2844.31,174.13,91.02,124.83,0.41,33.6554,8.0873,62.287
2009,1569045,235159,362791,Cabbages,56.5804,169.81,809.46,1534.54,2351.21,3852.59,1483.63,2895.95,634.27,893.97,5882.46,1604.93,1552.39,1479.22,118.89,191.22,336.08,646.68,62.69,87.57,2844.31,174.13,91.02,124.83,0.41,6.5436,33.6554,8.0873
2009,1569045,235159,362791,Grapes,12.3375,169.81,809.46,1534.54,2351.21,3852.59,1483.63,2895.95,634.27,893.97,5882.46,1604.93,1552.39,1479.22,118.89,191.22,336.08,646.68,62.69,87.57,2844.31,174.13,91.02,124.83,0.41,56.5804,6.5436,33.6554
2009,1569045,235159,362791,Maize (corn),9.75,169.81,809.46,1534.54,2351.21,3852.59,1483.63,2895.95,634.27,893.97,5882.46,1604.93,1552.39,1479.22,118.89,191.22,336.08,646.68,62.69,87.57,2844.31,174.13,91.02,124.83,0.41,12.3375,56.5804,6.5436
2009,1569045,235159,362791,Potatoes,44.3045,169.81,809.46,1534.54,2351.21,3852.59,1483.63,2895.95,634.27,893.97,5882.46,1604.93,1552.39,1479.22,118.89,191.22,336.08,646.68,62.69,87.57,2844.31,174.13,91.02,124.83,0.41,9.75,12.3375,56.5804
2009,1569045,235159,362791,Rape or colza seed,4.2868,169.81,809.46,1534.54,2351.21,3852.59,1483.63,2895.95,634.27,893.97,5882.46,1604.93,1552.39,1479.22,118.89,191.22,336.08,646.68,62.69,87.57,2844.31,174.13,91.02,124.83,0.41,44.3045,9.75,12.3375
2009,1569045,235159,362791,Rye,5.6979,169.81,809.46,1534.54,2351.21,3852.59,1483.63,2895.95,634.27,893.97,5882.46,1604.93,1552.39,1479.22,118.89,191.22,336.08,646.68,62.69,87.57,2844.31,174.13,91.02,124.83,0.41,4.2868,44.3045,9.75
2009,1569045,235159,362791,Sugar beet,67.5679,169.81,809.46,1534.54,2351.21,3852.59,1483.63,2895.95,634.27,893.97,5882.46,1604.93,1552.39,1479.22,118.89,191.22,336.08,646.68,62.69,87.57,2844.31,174.13,91.02,124.83,0.41,5.6979,4.2868,44.3045
2009,1569045,235159,362791,Wheat,7.8091,169.81,809.46,1534.54,2351.21,3852.59,1483.63,2895.95,634.27,893.97,5882.46,1604.93,1552.39,1479.22,118.89,191.22,336.08,646.68,62.69,87.57,2844.31,174.13,91.02,124.83,0.41,67.5679,5.6979,4.2868
2010,1786485,286348,433743,Apples,26.2409,118.77,739.39,1605.55,1875.52,4127.99,1199.48,3644.42,812.79,828.51,6801.31,1008.4,1793.04,1583.14,111.97,208.91,237.59,633.6,51.72,108.14,2710.49,125.96,99.95,103.44,0.04,7.8091,67.5679,5.6979
2010,1786485,286348,433743,Barley,6.2918,118.77,739.39,1605.55,1875.52,4127.99,1199.48,3644.42,812.79,828.51,6801.31,1008.4,1793.04,1583.14,111.97,208.91,237.59,633.6,51.72,108.14,2710.49,125.96,99.95,103.44,0.04,26.2409,7.8091,67.5679
2010,1786485,286348,433743,Cabbages,54.3891,118.77,739.39,1605.55,1875.52,4127.99,1199.48,3644.42,812.79,828.51,6801.31,1008.4,1793.04,1583.14,111.97,208.91,237.59,633.6,51.72,108.14,2710.49,125.96,99.95,103.44,0.04,6.2918,26.2409,7.8091
2010,1786485,286348,433743,Grapes,9.5339,118.77,739.39,1605.55,1875.52,4127.99,1199.48,3644.42,812.79,828.51,6801.31,1008.4,1793.04,1583.14,111.97,208.91,237.59,633.6,51.72,108.14,2710.49,125.96,99.95,103.44,0.04,54.3891,6.2918,26.2409
2010,1786485,286348,433743,Maize (corn),9.0261,118.77,739.39,1605.55,1875.52,4127.99,1199.48,3644.42,812.79,828.51,6801.31,1008.4,1793.04,1583.14,111.97,208.91,237.59,633.6,51.72,108.14,2710.49,125.96,99.95,103.44,0.04,9.5339,54.3891,6.2918
2010,1786485,286348,433743,Potatoes,39.8758,118.77,739.39,1605.55,1875.52,4127.99,1199.48,3644.42,812.79,828.51,6801.31,1008.4,1793.04,1583.14,111.97,208.91,237.59,633.6,51.72,108.14,2710.49,125.96,99.95,103.44,0.04,9.0261,9.5339,54.3891
2010,1786485,286348,433743,Rape or colza seed,3.8993,118.77,739.39,1605.55,1875.52,4127.99,1199.48,3644.42,812.79,828.51,6801.31,1008.4,1793.04,1583.14,111.97,208.91,237.59,633.6,51.72,108.14,2710.49,125.96,99.95,103.44,0.04,39.8758,9.0261,9.5339
2010,1786485,286348,433743,Rye,4.6251,118.77,739.39,1605.55,1875.52,4127.99,1199.48,3644.42,812.79,828.51,6801.31,1008.4,1793.04,1583.14,111.97,208.91,237.59,633.6,51.72,108.14,2710.49,125.96,99.95,103.44,0.04,3.8993,39.8758,9.0261
2010,1786485,286348,433743,Sugar beet,64.3522,118.77,739.39,1605.55,1875.52,4127.99,1199.48,3644.42,812.79,828.51,6801.31,1008.4,1793.04,1583.14,111.97,208.91,237.59,633.6,51.72,108.14,2710.49,125.96,99.95,103.44,0.04,4.6251,3.8993,39.8758
2010,1786485,286348,433743,Wheat,7.212,118.77,739.39,1605.55,1875.52,4127.99,1199.48,3644.42,812.79,828.51,6801.31,1008.4,1793.04,1583.14,111.97,208.91,237.59,633.6,51.72,108.14,2710.49,125.96,99.95,103.44,0.04,64.3522,4.6251,3.8993
2011,1640414,247080,386414,Apples,28.4247,134.38,767.47,1480.43,2144.48,3641.63,1919.28,3594.07,866.8,829.23,7570.13,1023.31,2269.73,1517.49,155.22,234.98,79.44,553.37,86.38,110.28,3165.29,107.93,119.64,122.37,0.04,7.212,64.3522,4.6251
2011,1640414,247080,386414,Barley,5.4651,134.38,767.47,1480.43,2144.48,3641.63,1919.28,3594.07,866.8,829.23,7570.13,1023.31,2269.73,1517.49,155.22,234.98,79.44,553.37,86.38,110.28,3165.29,107.93,119.64,122.37,0.04,28.4247,7.212,64.3522
2011,1640414,247080,386414,Cabbages,55.8827,134.38,767.47,1480.43,2144.48,3641.63,1919.28,3594.07,866.8,829.23,7570.13,1023.31,2269.73,1517.49,155.22,234.98,79.44,553.37,86.38,110.28,3165.29,107.93,119.64,122.37,0.04,5.4651,28.4247,7.212
2011,1640414,247080,386414,Grapes,12.5317,134.38,767.47,1480.43,2144.48,3641.63,1919.28,3594.07,866.8,829.23,7570.13,1023.31,2269.73,1517.49,155.22,234.98,79.44,553.37,86.38,110.28,3165.29,107.93,119.64,122.37,0.04,55.8827,5.4651,28.4247
2011,1640414,247080,386414,Maize (corn),10.6243,134.38,767.47,1480.43,2144.48,3641.63,1919.28,3594.07,866.8,829.23,7570.13,1023.31,2269.73,1517.49,155.22,234.98,79.44,553.37,86.38,110.28,3165.29,107.93,119.64,122.37,0.04,12.5317,55.8827,5.4651
2011,1640414,247080,386414,Potatoes,45.7565,134.38,767.47,1480.43,2144.48,3641.63,1919.28,3594.07,866.8,829.23,7570.13,1023.31,2269.73,1517.49,155.22,234.98,79.44,553.37,86.38,110.28,3165.29,107.93,119.64,122.37,0.04,10.6243,12.5317,55.8827
2011,1640414,247080,386414,Rape or colza seed,2.9125,134.38,767.47,1480.43,2144.48,3641.63,1919.28,3594.07,866.8,829.23,7570.13,1023.31,2269.73,1517.49,155.22,234.98,79.44,553.37,86.38,110.28,3165.29,107.93,119.64,122.37,0.04,45.7565,10.6243,12.5317
2011,1640414,247080,386414,Rye,4.1077,134.38,767.47,1480.43,2144.48,3641.63,1919.28,3594.07,866.8,829.23,7570.13,1023.31,2269.73,1517.49,155.22,234.98,79.44,553.37,86.38,110.28,3165.29,107.93,119.64,122.37,0.04,2.9125,45.7565,10.6243
2011,1640414,247080,386414,Sugar beet,74.2967,134.38,767.47,1480.43,2144.48,3641.63,1919.28,3594.07,866.8,829.23,7570.13,1023.31,2269.73,1517.49,155.22,234.98,79.44,553.37,86.38,110.28,3165.29,107.93,119.64,122.37,0.04,4.1077,2.9125,45.7565
2011,1640414,247080,386414,Wheat,7.0139,134.38,767.47,1480.43,2144.48,3641.63,1919.28,3594.07,866.8,829.23,7570.13,1023.31,2269.73,1517.49,155.22,234.98,79.44,553.37,86.38,110.28,3165.29,107.93,119.64,122.37,0.04,74.2967,4.1077,2.9125
2012,1648828,284168,421042,Apples,30.7334,134.88,588.52,1243.46,1920.32,3014.48,1872.51,4289.26,1020.85,890.15,8300.47,912.28,2508.61,1618.61,114.09,230.81,158.3,503.01,84.26,169.53,3233.11,159.12,125.92,165.32,0.03,7.0139,74.2967,4.1077
2012,1648828,284168,421042,Barley,6.1934,134.88,588.52,1243.46,1920.32,3014.48,1872.51,4289.26,1020.85,890.15,8300.47,912.28,2508.61,1618.61,114.09,230.81,158.3,503.01,84.26,169.53,3233.11,159.12,125.92,165.32,0.03,30.7334,7.0139,74.2967
2012,1648828,284168,421042,Cabbages,57.0416,134.88,588.52,1243.46,1920.32,3014.48,1872.51,4289.26,1020.85,890.15,8300.47,912.28,2508.61,1618.61,114.09,230.81,158.3,503.01,84.26,169.53,3233.11,159.12,125.92,165.32,0.03,6.1934,30.7334,7.0139
2012,1648828,284168,421042,Grapes,12.3213,134.88,588.52,1243.46,1920.32,3014.48,1872.51,4289.26,1020.85,890.15,8300.47,912.28,2508.61,1618.61,114.09,230.81,158.3,503.01,84.26,169.53,3233.11,159.12,125.92,165.32,0.03,57.0416,6.1934,30.7334
2012,1648828,284168,421042,Maize (corn),10.4802,134.88,588.52,1243.46,1920.32,3014.48,1872.51,4289.26,1020.85,890.15,8300.47,912.28,2508.61,1618.61,114.09,230.81,158.3,503.01,84.26,169.53,3233.11,159.12,125.92,165.32,0.03,12.3213,57.0416,6.1934
2012,1648828,284168,421042,Potatoes,44.757,134.88,588.52,1243.46,1920.32,3014.48,1872.51,4289.26,1020.85,890.15,8300.47,912.28,2508.61,1618.61,114.09,230.81,158.3,503.01,84.26,169.53,3233.11,159.12,125.92,165.32,0.03,10.4802,12.3213,57.0416
2012,1648828,284168,421042,Rape or colza seed,3.6909,134.88,588.52,1243.46,1920.32,3014.48,1872.51,4289.26,1020.85,890.15,8300.47,912.28,2508.61,1618.61,114.09,230.81,158.3,503.01,84.26,169.53,3233.11,159.12,125.92,165.32,0.03,44.757,10.4802,12.3213
2012,1648828,284168,421042,Rye,5.4741,134.88,588.52,1243.46,1920.32,3014.48,1872.51,4289.26,1020.85,890.15,8300.47,912.28,2508.61,1618.61,114.09,230.81,158.3,503.01,84.26,169.53,3233.11,159.12,125.92,165.32,0.03,3.6909,44.757,10.4802
2012,1648828,284168,421042,Sugar beet,68.8555,134.88,588.52,1243.46,1920.32,3014.48,1872.51,4289.26,1020.85,890.15,8300.47,912.28,2508.61,1618.61,114.09,230.81,158.3,503.01,84.26,169.53,3233.11,159.12,125.92,165.32,0.03,5.4741,3.6909,44.757
2012,1648828,284168,421042,Wheat,7.3312,134.88,588.52,1243.46,1920.32,3014.48,1872.51,4289.26,1020.85,890.15,8300.47,912.28,2508.61,1618.61,114.09,230.81,158.3,503.01,84.26,169.53,3233.11,159.12,125.92,165.32,0.03,68.8555,5.4741,3.6909
2013,1675289,283997,457131,Apples,25.3984,161.4,650.0,1366.6,2165.3,3655.3,2111.0,3815.6,900.2,927.0,7150.1,1114.6,2368.3,1368.9,259.5,100.5,157.4,485.0,93.1,140.0,2885.5,78.1,81.7,108.0,0.0,7.3312,68.8555,5.4741
2013,1675289,283997,457131,Barley,6.5866,161.4,650.0,1366.6,2165.3,3655.3,2111.0,3815.6,900.2,927.0,7150.1,1114.6,2368.3,1368.9,259.5,100.5,157.4,485.0,93.1,140.0,2885.5,78.1,81.7,108.0,0.0,25.3984,7.3312,68.8555
2013,1675289,283997,457131,Cabbages,54.1249,161.4,650.0,1366.6,2165.3,3655.3,2111.0,3815.6,900.2,927.0,7150.1,1114.6,2368.3,1368.9,259.5,100.5,157.4,485.0,93.1,140.0,2885.5,78.1,81.7,108.0,0.0,6.5866,25.3984,7.3312
2013,1675289,283997,457131,Grapes,11.4587,161.4,650.0,1366.6,2165.3,3655.3,2111.0,3815.6,900.2,927.0,7150.1,1114.6,2368.3,1368.9,259.5,100.5,157.4,485.0,93.1,140.0,2885.5,78.1,81.7,108.0,0.0,54.1249,6.5866,25.3984
2013,1675289,283997,457131,Maize (corn),8.8276,161.4,650.0,1366.6,2165.3,3655.3,2111.0,3815.6,900.2,927.0,7150.1,1114.6,2368.3,1368.9,259.5,100.5,157.4,485.0,93.1,140.0,2885.5,78.1,81.7,108.0,0.0,11.4587,54.1249,6.5866
2013,1675289,283997,457131,Potatoes,39.8258,161.4,650.0,1366.6,2165.3,3655.3,2111.0,3815.6,900.2,927.0,7150.1,1114.6,2368.3,1368.9,259.5,100.5,157.4,485.0,93.1,140.0,2885.5,78.1,81.7,108.0,0.0,8.8276,11.4587,54.1249
2013,1675289,283997,457131,Rape or colza seed,3.9467,161.4,650.0,1366.6,2165.3,3655.3,2111.0,3815.6,900.2,927.0,7150.1,1114.6,2368.3,1368.9,259.5,100.5,157.4,485.0,93.1,140.0,2885.5,78.1,81.7,108.0,0.0,39.8258,8.8276,11.4587
2013,1675289,283997,457131,Rye,5.9764,161.4,650.0,1366.6,2165.3,3655.3,2111.0,3815.6,900.2,927.0,7150.1,1114.6,2368.3,1368.9,259.5,100.5,157.4,485.0,93.1,140.0,2885.5,78.1,81.7,108.0,0.0,3.9467,39.8258,8.8276
2013,1675289,283997,457131,Sugar beet,63.8744,161.4,650.0,1366.6,2165.3,3655.3,2111.0,3815.6,900.2,927.0,7150.1,1114.6,2368.3,1368.9,259.5,100.5,157.4,485.0,93.1,140.0,2885.5,78.1,81.7,108.0,0.0,5.9764,3.9467,39.8258
2013,1675289,283997,457131,Wheat,7.9979,161.4,650.0,1366.6,2165.3,3655.3,2111.0,3815.6,900.2,927.0,7150.1,1114.6,2368.3,1368.9,259.5,100.5,157.4,485.0,93.1,140.0,2885.5,78.1,81.7,108.0,0.0,63.8744,5.9764,3.9467
2014,1822791,301184,459855,Apples,35.4648,95.23,654.85,1613.57,2746.14,4848.18,2632.58,3681.37,909.0,938.88,7379.42,1291.52,2036.57,1362.56,124.09,54.16,132.02,372.21,122.19,138.31,2220.81,95.53,100.42,117.3,0.01,7.9979,63.8744,5.9764
2014,1822791,301184,459855,Barley,7.3475,95.23,654.85,1613.57,2746.14,4848.18,2632.58,3681.37,909.0,938.88,7379.42,1291.52,2036.57,1362.56,124.09,54.16,132.02,372.21,122.19,138.31,2220.81,95.53,100.42,117.3,0.01,35.4648,7.9979,63.8744
2014,1822791,301184,459855,Cabbages,59.9573,95.23,654.85,1613.57,2746.14,4848.18,2632.58,3681.37,909.0,938.88,7379.42,1291.52,2036.57,1362.56,124.09,54.16,132.02,372.21,122.19,138.31,2220.81,95.53,100.42,117.3,0.01,7.3475,35.4648,7.9979
2014,1822791,301184,459855,Grapes,12.4407,95.23,654.85,1613.57,2746.14,4848.18,2632.58,3681.37,909.0,938.88,7379.42,1291.52,2036.57,1362.56,124.09,54.16,132.02,372.21,122.19,138.31,2220.81,95.53,100.42,117.3,0.01,59.9573,7.3475,35.4648
2014,1822791,301184,459855,Maize (corn),10.6838,95.23,654.85,1613.57,2746.14,4848.18,2632.58,3681.37,909.0,938.88,7379.42,1291.52,2036.57,1362.56,124.09,54.16,132.02,372.21,122.19,138.31,2220.81,95.53,100.42,117.3,0.01,12.4407,59.9573,7.3475
2014,1822791,301184,459855,Potatoes,47.4154,95.23,654.85,1613.57,2746.14,4848.18,2632.58,3681.37,909.0,938.88,7379.42,1291.52,2036.57,1362.56,124.09,54.16,132.02,372.21,122.19,138.31,2220.81,95.53,100.42,117.3,0.01,10.6838,12.4407,59.9573
2014,1822791,301184,459855,Rape or colza seed,4.481,95.23,654.85,1613.57,2746.14,4848.18,2632.58,3681.37,909.0,938.88,7379.42,1291.52,2036.57,1362.56,124.09,54.16,132.02,372.21,122.19,138.31,2220.81,95.53,100.42,117.3,0.01,47.4154,10.6838,12.4407
2014,1822791,301184,459855,Rye,6.1191,95.23,654.85,1613.57,2746.14,4848.18,2632.58,3681.37,909.0,938.88,7379.42,1291.52,2036.57,1362.56,124.09,54.16,132.02,372.21,122.19,138.31,2220.81,95.53,100.42,117.3,0.01,4.481,47.4154,10.6838
2014,1822791,301184,459855,Sugar beet,79.8607,95.23,654.85,1613.57,2746.14,4848.18,2632.58,3681.37,909.0,938.88,7379.42,1291.52,2036.57,1362.56,124.09,54.16,132.02,372.21,122.19,138.31,2220.81,95.53,100.42,117.3,0.01,6.1191,4.481,47.4154
2014,1822791,301184,459855,Wheat,8.6296,95.23,654.85,1613.57,2746.14,4848.18,2632.58,3681.37,909.0,938.88,7379.42,1291.52,2036.57,1362.56,124.09,54.16,132.02,372.21,122.19,138.31,2220.81,95.53,100.42,117.3,0.01,79.8607,6.1191,4.481
2015,1710616,287762,397759,Apples,30.9941,77.7,735.09,1627.26,2592.83,4863.35,2924.24,3562.88,905.05,974.72,6352.58,952.41,1928.81,1103.62,112.19,173.04,133.03,443.66,118.73,151.78,3708.34,33.69,122.67,381.23,0.01,8.6296,79.8607,6.1191
2015,1710616,287762,397759,Barley,7.171,77.7,735.09,1627.26,2592.83,4863.35,2924.24,3562.88,905.05,974.72,6352.58,952.41,1928.81,1103.62,112.19,173.04,133.03,443.66,118.73,151.78,3708.34,33.69,122.67,381.23,0.01,30.9941,8.6296,79.8607
2015,1710616,287762,397759,Cabbages,53.1478,77.7,735.09,1627.26,2592.83,4863.35,2924.24,3562.88,905.05,974.72,6352.58,952.41,1928.81,1103.62,112.19,173.04,133.03,443.66,118.73,151.78,3708.34,33.69,122.67,381.23,0.01,7.171,30.9941,8.6296
2015,1710616,287762,397759,Grapes,12.0011,77.7,735.09,1627.26,2592.83,4863.35,2924.24,3562.88,905.05,974.72,6352.58,952.41,1928.81,1103.62,112.19,173.04,133.03,443.66,118.73,151.78,3708.34,33.69,122.67,381.23,0.01,53.1478,7.171,30.9941
2015,1710616,287762,397759,Maize (corn),8.7223,77.7,735.09,1627.26,2592.83,4863.35,2924.24,3562.88,905.05,974.72,6352.58,952.41,1928.81,1103.62,112.19,173.04,133.03,443.66,118.73,151.78,3708.34,33.69,122.67,381.23,0.01,12.0011,53.1478,7.171
2015,1710616,287762,397759,Potatoes,43.8116,77.7,735.09,1627.26,2592.83,4863.35,2924.24,3562.88,905.05,974.72,6352.58,952.41,1928.81,1103.62,112.19,173.04,133.03,443.66,118.73,151.78,3708.34,33.69,122.67,381.23,0.01,8.7223,12.0011,53.1478
2015,1710616,287762,397759,Rape or colza seed,3.9026,77.7,735.09,1627.26,2592.83,4863.35,2924.24,3562.88,905.05,974.72,6352.58,952.41,1928.81,1103.62,112.19,173.04,133.03,443.66,118.73,151.78,3708.34,33.69,122.67,381.23,0.01,43.8116,8.7223,12.0011
2015,1710616,287762,397759,Rye,5.662,77.7,735.09,1627.26,2592.83,4863.35,2924.24,3562.88,905.05,974.72,6352.58,952.41,1928.81,1103.62,112.19,173.04,133.03,443.66,118.73,151.78,3708.34,33.69,122.67,381.23,0.01,3.9026,43.8116,8.7223
2015,1710616,287762,397759,Sugar beet,72.1611,77.7,735.09,1627.26,2592.83,4863.35,2924.24,3562.88,905.05,974.72,6352.58,952.41,1928.81,1103.62,112.19,173.04,133.03,443.66,118.73,151.78,3708.34,33.69,122.67,381.23,0.01,5.662,3.9026,43.8116
2015,1710616,287762,397759,Wheat,8.0877,77.7,735.09,1627.26,2592.83,4863.35,2924.24,3562.88,905.05,974.72,6352.58,952.41,1928.81,1103.62,112.19,173.04,133.03,443.66,118.73,151.78,3708.34,33.69,122.67,381.23,0.01,72.1611,5.662,3.9026
2016,1658837,231079,430080,Apples,32.9646,67.0,458.0,1560.0,2404.0,5304.0,2352.0,3404.0,198.0,980.0,6779.0,643.0,1753.0,1015.0,19.0,191.0,11.0,15019.0,105.0,138.0,3871.0,8.0,132.0,122.0,0.04,8.0877,72.1611,5.662
2016,1658837,231079,430080,Barley,6.6857,67.0,458.0,1560.0,2404.0,5304.0,2352.0,3404.0,198.0,980.0,6779.0,643.0,1753.0,1015.0,19.0,191.0,11.0,15019.0,105.0,138.0,3871.0,8.0,132.0,122.0,0.04,32.9646,8.0877,72.1611
2016,1658837,231079,430080,Cabbages,53.6479,67.0,458.0,1560.0,2404.0,5304.0,2352.0,3404.0,198.0,980.0,6779.0,643.0,1753.0,1015.0,19.0,191.0,11.0,15019.0,105.0,138.0,3871.0,8.0,132.0,122.0,0.04,6.6857,32.9646,8.0877
2016,1658837,231079,430080,Grapes,12.2509,67.0,458.0,1560.0,2404.0,5304.0,2352.0,3404.0,198.0,980.0,6779.0,643.0,1753.0,1015.0,19.0,191.0,11.0,15019.0,105.0,138.0,3871.0,8.0,132.0,122.0,0.04,53.6479,6.6857,32.9646
2016,1658837,231079,430080,Maize (corn),9.6512,67.0,458.0,1560.0,2404.0,5304.0,2352.0,3404.0,198.0,980.0,6779.0,643.0,1753.0,1015.0,19.0,191.0,11.0,15019.0,105.0,138.0,3871.0,8.0,132.0,122.0,0.04,12.2509,53.6479,6.6857
2016,1658837,231079,430080,Potatoes,44.4027,67.0,458.0,1560.0,2404.0,5304.0,2352.0,3404.0,198.0,980.0,6779.0,643.0,1753.0,1015.0,19.0,191.0,11.0,15019.0,105.0,138.0,3871.0,8.0,132.0,122.0,0.04,9.6512,12.2509,53.6479
2016,1658837,231079,430080,Rape or colza seed,3.4545,67.0,458.0,1560.0,2404.0,5304.0,2352.0,3404.0,198.0,980.0,6779.0,643.0,1753.0,1015.0,19.0,191.0,11.0,15019.0,105.0,138.0,3871.0,8.0,132.0,122.0,0.04,44.4027,9.6512,12.2509
2016,1658837,231079,430080,Rye,5.5593,67.0,458.0,1560.0,2404.0,5304.0,2352.0,3404.0,198.0,980.0,6779.0,643.0,1753.0,1015.0,19.0,191.0,11.0,15019.0,105.0,138.0,3871.0,8.0,132.0,122.0,0.04,3.4545,44.4027,9.6512
2016,1658837,231079,430080,Sugar beet,74.2945,67.0,458.0,1560.0,2404.0,5304.0,2352.0,3404.0,198.0,980.0,6779.0,643.0,1753.0,1015.0,19.0,191.0,11.0,15019.0,105.0,138.0,3871.0,8.0,132.0,122.0,0.04,5.5593,3.4545,44.4027
2016,1658837,231079,430080,Wheat,7.6409,67.0,458.0,1560.0,2404.0,5304.0,2352.0,3404.0,198.0,980.0,6779.0,643.0,1753.0,1015.0,19.0,191.0,11.0,15019.0,105.0,138.0,3871.0,8.0,132.0,122.0,0.04,74.2945,5.5593,3.4545
2017,1496649,208527,391640,Apples,17.594,112.0,357.0,1693.0,3511.0,5418.0,2180.0,3397.0,237.0,742.0,7431.0,1257.0,2374.0,1038.0,31.0,152.0,63.0,14096.0,126.0,113.0,3381.0,3.0,144.0,113.0,0.04,7.6409,74.2945,5.5593
2017,1496649,208527,391640,Barley,6.9302,112.0,357.0,1693.0,3511.0,5418.0,2180.0,3397.0,237.0,742.0,7431.0,1257.0,2374.0,1038.0,31.0,152.0,63.0,14096.0,126.0,113.0,3381.0,3.0,144.0,113.0,0.04,17.594,7.6409,74.2945
2017,1496649,208527,391640,Cabbages,56.4785,112.0,357.0,1693.0,3511.0,5418.0,2180.0,3397.0,237.0,742.0,7431.0,1257.0,2374.0,1038.0,31.0,152.0,63.0,14096.0,126.0,113.0,3381.0,3.0,144.0,113.0,0.04,6.9302,17.594,7.6409
2017,1496649,208527,391640,Grapes,10.1166,112.0,357.0,1693.0,3511.0,5418.0,2180.0,3397.0,237.0,742.0,7431.0,1257.0,2374.0,1038.0,31.0,152.0,63.0,14096.0,126.0,113.0,3381.0,3.0,144.0,113.0,0.04,56.4785,6.9302,17.594
2017,1496649,208527,391640,Maize (corn),10.5269,112.0,357.0,1693.0,3511.0,5418.0,2180.0,3397.0,237.0,742.0,7431.0,1257.0,2374.0,1038.0,31.0,152.0,63.0,14096.0,126.0,113.0,3381.0,3.0,144.0,113.0,0.04,10.1166,56.4785,6.9302
2017,1496649,208527,391640,Potatoes,46.7864,112.0,357.0,1693.0,3511.0,5418.0,2180.0,3397.0,237.0,742.0,7431.0,1257.0,2374.0,1038.0,31.0,152.0,63.0,14096.0,126.0,113.0,3381.0,3.0,144.0,113.0,0.04,10.5269,10.1166,56.4785
2017,1496649,208527,391640,Rape or colza seed,3.2711,112.0,357.0,1693.0,3511.0,5418.0,2180.0,3397.0,237.0,742.0,7431.0,1257.0,2374.0,1038.0,31.0,152.0,63.0,14096.0,126.0,113.0,3381.0,3.0,144.0,113.0,0.04,46.7864,10.5269,10.1166
2017,1496649,208527,391640,Rye,5.0947,112.0,357.0,1693.0,3511.0,5418.0,2180.0,3397.0,237.0,742.0,7431.0,1257.0,2374.0,1038.0,31.0,152.0,63.0,14096.0,126.0,113.0,3381.0,3.0,144.0,113.0,0.04,3.2711,46.7864,10.5269
2017,1496649,208527,391640,Sugar beet,83.747,112.0,357.0,1693.0,3511.0,5418.0,2180.0,3397.0,237.0,742.0,7431.0,1257.0,2374.0,1038.0,31.0,152.0,63.0,14096.0,126.0,113.0,3381.0,3.0,144.0,113.0,0.04,5.0947,3.2711,46.7864
2017,1496649,208527,391640,Wheat,7.6443,112.0,357.0,1693.0,3511.0,5418.0,2180.0,3397.0,237.0,742.0,7431.0,1257.0,2374.0,1038.0,31.0,152.0,63.0,14096.0,126.0,113.0,3381.0,3.0,144.0,113.0,0.04,83.747,5.0947,3.2711
2018,1342284,201159,409547,Apples,35.2713,76.0,292.0,1644.0,3313.0,4503.0,1860.0,3013.0,294.0,622.0,6306.0,790.0,2321.0,935.0,15.0,114.0,112.0,15759.0,133.0,119.0,2138.0,5.0,165.0,99.0,0.1,7.6443,83.747,5.0947
2018,1342284,201159,409547,Barley,5.7663,76.0,292.0,1644.0,3313.0,4503.0,1860.0,3013.0,294.0,622.0,6306.0,790.0,2321.0,935.0,15.0,114.0,112.0,15759.0,133.0,119.0,2138.0,5.0,165.0,99.0,0.1,35.2713,7.6443,83.747
2018,1342284,201159,409547,Cabbages,47.4356,76.0,292.0,1644.0,3313.0,4503.0,1860.0,3013.0,294.0,622.0,6306.0,790.0,2321.0,935.0,15.0,114.0,112.0,15759.0,133.0,119.0,2138.0,5.0,165.0,99.0,0.1,5.7663,35.2713,7.6443
2018,1342284,201159,409547,Grapes,14.0108,76.0,292.0,1644.0,3313.0,4503.0,1860.0,3013.0,294.0,622.0,6306.0,790.0,2321.0,935.0,15.0,114.0,112.0,15759.0,133.0,119.0,2138.0,5.0,165.0,99.0,0.1,47.4356,5.7663,35.2713
2018,1342284,201159,409547,Maize (corn),8.139,76.0,292.0,1644.0,3313.0,4503.0,1860.0,3013.0,294.0,622.0,6306.0,790.0,2321.0,935.0,15.0,114.0,112.0,15759.0,133.0,119.0,2138.0,5.0,165.0,99.0,0.1,14.0108,47.4356,5.7663
2018,1342284,201159,409547,Potatoes,35.3719,76.0,292.0,1644.0,3313.0,4503.0,1860.0,3013.0,294.0,622.0,6306.0,790.0,2321.0,935.0,15.0,114.0,112.0,15759.0,133.0,119.0,2138.0,5.0,165.0,99.0,0.1,8.139,14.0108,47.4356
2018,1342284,201159,409547,Rape or colza seed,2.9937,76.0,292.0,1644.0,3313.0,4503.0,1860.0,3013.0,294.0,622.0,6306.0,790.0,2321.0,935.0,15.0,114.0,112.0,15759.0,133.0,119.0,2138.0,5.0,165.0,99.0,0.1,35.3719,8.139,14.0108
2018,1342284,201159,409547,Rye,4.2092,76.0,292.0,1644.0,3313.0,4503.0,1860.0,3013.0,294.0,622.0,6306.0,790.0,2321.0,935.0,15.0,114.0,112.0,15759.0,133.0,119.0,2138.0,5.0,165.0,99.0,0.1,2.9937,35.3719,8.139
2018,1342284,201159,409547,Sugar beet,63.2795,76.0,292.0,1644.0,3313.0,4503.0,1860.0,3013.0,294.0,622.0,6306.0,790.0,2321.0,935.0,15.0,114.0,112.0,15759.0,133.0,119.0,2138.0,5.0,165.0,99.0,0.1,4.2092,2.9937,35.3719
2018,1342284,201159,409547,Wheat,6.6737,76.0,292.0,1644.0,3313.0,4503.0,1860.0,3013.0,294.0,622.0,6306.0,790.0,2321.0,935.0,15.0,114.0,112.0,15759.0,133.0,119.0,2138.0,5.0,165.0,99.0,0.1,63.2795,4.2092,2.9937
2019,1372084,247766,419542,Apples,29.1775,47.0,293.0,1513.0,2711.0,3953.0,1705.0,2901.0,355.0,599.0,5898.0,640.0,2306.0,1012.0,25.0,149.0,119.0,18191.0,113.0,120.0,2089.0,10.0,84.0,130.0,0.41,6.6737,63.2795,4.2092
2019,1372084,247766,419542,Barley,6.7834,47.0,293.0,1513.0,2711.0,3953.0,1705.0,2901.0,355.0,599.0,5898.0,640.0,2306.0,1012.0,25.0,149.0,119.0,18191.0,113.0,120.0,2089.0,10.0,84.0,130.0,0.41,29.1775,6.6737,63.2795
2019,1372084,247766,419542,Cabbages,55.1366,47.0,293.0,1513.0,2711.0,3953.0,1705.0,2901.0,355.0,599.0,5898.0,640.0,2306.0,1012.0,25.0,149.0,119.0,18191.0,113.0,120.0,2089.0,10.0,84.0,130.0,0.41,6.7834,29.1775,6.6737
2019,1372084,247766,419542,Grapes,11.1918,47.0,293.0,1513.0,2711.0,3953.0,1705.0,2901.0,355.0,599.0,5898.0,640.0,2306.0,1012.0,25.0,149.0,119.0,18191.0,113.0,120.0,2089.0,10.0,84.0,130.0,0.41,55.1366,6.7834,29.1775
2019,1372084,247766,419542,Maize (corn),8.8096,47.0,293.0,1513.0,2711.0,3953.0,1705.0,2901.0,355.0,599.0,5898.0,640.0,2306.0,1012.0,25.0,149.0,119.0,18191.0,113.0,120.0,2089.0,10.0,84.0,130.0,0.41,11.1918,55.1366,6.7834
2019,1372084,247766,419542,Potatoes,39.0361,47.0,293.0,1513.0,2711.0,3953.0,1705.0,2901.0,355.0,599.0,5898.0,640.0,2306.0,1012.0,25.0,149.0,119.0,18191.0,113.0,120.0,2089.0,10.0,84.0,130.0,0.41,8.8096,11.1918,55.1366
2019,1372084,247766,419542,Rape or colza seed,3.3032,47.0,293.0,1513.0,2711.0,3953.0,1705.0,2901.0,355.0,599.0,5898.0,640.0,2306.0,1012.0,25.0,149.0,119.0,18191.0,113.0,120.0,2089.0,10.0,84.0,130.0,0.41,39.0361,8.8096,11.1918
2019,1372084,247766,419542,Rye,5.0882,47.0,293.0,1513.0,2711.0,3953.0,1705.0,2901.0,355.0,599.0,5898.0,640.0,2306.0,1012.0,25.0,149.0,119.0,18191.0,113.0,120.0,2089.0,10.0,84.0,130.0,0.41,3.3032,39.0361,8.8096
2019,1372084,247766,419542,Sugar beet,72.7387,47.0,293.0,1513.0,2711.0,3953.0,1705.0,2901.0,355.0,599.0,5898.0,640.0,2306.0,1012.0,25.0,149.0,119.0,18191.0,113.0,120.0,2089.0,10.0,84.0,130.0,0.41,5.0882,3.3032,39.0361
2019,1372084,247766,419542,Wheat,7.3964,47.0,293.0,1513.0,2711.0,3953.0,1705.0,2901.0,355.0,599.0,5898.0,640.0,2306.0,1012.0,25.0,149.0,119.0,18191.0,113.0,120.0,2089.0,10.0,84.0,130.0,0.41,72.7387,5.0882,3.3032
2020,1265477,192182,446396,Apples,30.1154,32.0,52.0,1655.0,2851.0,3180.0,1713.0,3124.0,143.0,675.0,6779.0,651.0,2433.0,665.0,20.0,86.0,0.0,20739.0,121.0,359.0,2233.0,16.0,0.0,134.0,0.1,7.3964,72.7387,5.0882
2020,1265477,192182,446396,Barley,6.4591,32.0,52.0,1655.0,2851.0,3180.0,1713.0,3124.0,143.0,675.0,6779.0,651.0,2433.0,665.0,20.0,86.0,0.0,20739.0,121.0,359.0,2233.0,16.0,0.0,134.0,0.1,30.1154,7.3964,72.7387
2020,1265477,192182,446396,Cabbages,54.7419,32.0,52.0,1655.0,2851.0,3180.0,1713.0,3124.0,143.0,675.0,6779.0,651.0,2433.0,665.0,20.0,86.0,0.0,20739.0,121.0,359.0,2233.0,16.0,0.0,134.0,0.1,6.4591,30.1154,7.3964
2020,1265477,192182,446396,Grapes,11.4144,32.0,52.0,1655.0,2851.0,3180.0,1713.0,3124.0,143.0,675.0,6779.0,651.0,2433.0,665.0,20.0,86.0,0.0,20739.0,121.0,359.0,2233.0,16.0,0.0,134.0,0.1,54.7419,6.4591,30.1154
2020,1265477,192182,446396,Maize (corn),9.5874,32.0,52.0,1655.0,2851.0,3180.0,1713.0,3124.0,143.0,675.0,6779.0,651.0,2433.0,665.0,20.0,86.0,0.0,20739.0,121.0,359.0,2233.0,16.0,0.0,134.0,0.1,11.4144,54.7419,6.4591
2020,1265477,192182,446396,Potatoes,42.834,32.0,52.0,1655.0,2851.0,3180.0,1713.0,3124.0,143.0,675.0,6779.0,651.0,2433.0,665.0,20.0,86.0,0.0,20739.0,121.0,359.0,2233.0,16.0,0.0,134.0,0.1,9.5874,11.4144,54.7419
2020,1265477,192182,446396,Rape or colza seed,3.6831,32.0,52.0,1655.0,2851.0,3180.0,1713.0,3124.0,143.0,675.0,6779.0,651.0,2433.0,665.0,20.0,86.0,0.0,20739.0,121.0,359.0,2233.0,16.0,0.0,134.0,0.1,42.834,9.5874,11.4144
2020,1265477,192182,446396,Rye,5.5242,32.0,52.0,1655.0,2851.0,3180.0,1713.0,3124.0,143.0,675.0,6779.0,651.0,2433.0,665.0,20.0,86.0,0.0,20739.0,121.0,359.0,2233.0,16.0,0.0,134.0,0.1,3.6831,42.834,9.5874
2020,1265477,192182,446396,Sugar beet,74.1402,32.0,52.0,1655.0,2851.0,3180.0,1713.0,3124.0,143.0,675.0,6779.0,651.0,2433.0,665.0,20.0,86.0,0.0,20739.0,121.0,359.0,2233.0,16.0,0.0,134.0,0.1,5.5242,3.6831,42.834
2020,1265477,192182,446396,Wheat,7.8195,32.0,52.0,1655.0,2851.0,3180.0,1713.0,3124.0,143.0,675.0,6779.0,651.0,2433.0,665.0,20.0,86.0,0.0,20739.0,121.0,359.0,2233.0,16.0,0.0,134.0,0.1,74.1402,5.5242,3.6831
